,Feature1,Feature2,Correlation
0,X35,X9,0.6990284017087058
1,X33,X7,0.6923228245608426
2,X14,X33,0.692322636749535
3,X13,X23,0.6916415763577495
4,X31,X13,0.6909452342698607
5,X18,X33,0.6863756680917869
6,X13,X49,0.6834558730899903
7,X36,X35,0.6670916407517559
8,X42,X56,0.6473484391970229
9,X42,X58,0.6473052797232279
10,X42,X20,0.6454959945472869
11,X11,X9,0.6257205836450526
12,X30,X13,0.6240511192465568
13,X8,X50,0.6153452369741796
14,X50,X17,0.613622758763172
15,X34,X7,0.6068650586610473
16,X34,X14,0.6068649783717586
17,X9,X22,0.604842668336505
18,X34,X18,0.6028656676089492
19,X62,X13,0.6022941311262434
20,X46,X8,0.5986838865321301
21,X4,X8,0.5986345577366324
22,X46,X17,0.5969545494831541
23,X17,X4,0.5969049808353942
24,X52,X47,0.5946879402467478
25,X36,X11,0.5946120500041359
26,X63,X24,0.5895734907827436
27,X43,X42,0.5842234741164518
28,X48,X1,0.5832130246719118
29,X33,X24,0.5773053362244649
30,X36,X22,0.5753092543201623
31,X42,X44,0.5613219512975436
32,X13,X42,0.5581044864141689
33,X36,X10,0.5573997814379862
34,X36,X38,0.5545293046007533
35,X10,X9,0.5522394338936724
36,X9,X38,0.5494107276926083
37,X9,X7,0.5469279285952218
38,X14,X9,0.5469278857682345
39,X9,X18,0.5445628865947739
40,X9,X48,0.5375077068351957
41,X60,X45,0.5229148253473297
42,X7,X36,0.5180959026356358
43,X36,X14,0.5180958423254153
44,X9,X24,0.516671137198692
45,X18,X36,0.5158465192182782
46,X22,X1,0.5013543264757085
47,X36,X48,0.5000338392267041
